Fecha publicacion;Fecha limite;Organismo;Tipo;Provincia;Objeto;Area;Importe;Valoracion;Norma afectada;URL
13/02/2026;16/03/2026;Barcelona Activa SAU SPM;Empresa pública;Barcelona;Serveis per al desenvolupament i execucio del Programa de digitalitzacio d'empreses;Otros;190687.66;7;ISO27001;https://licitacions.bcn.cat/site/18/
11/02/2026;16/03/2026;Barcelona Activa SAU SPM;Empresa pública;Barcelona;Procediment de concurrencia publica per a la seleccio d'un projecte d'impuls de l'emprenedoria;Otros;0.00;5;;https://licitacions.bcn.cat/site/18/
10/02/2026;27/02/2026;Barcelona Activa SAU SPM;Empresa pública;Barcelona;Serveis docents per al disseny creacio imparticio i seguiment d'accions formatives tecnicprofessionals;Formacion;72000.00;8;ISO9001;https://licitacions.bcn.cat/site/18/
05/02/2026;23/02/2026;Barcelona Activa SAU SPM;Empresa pública;Barcelona;Serveis de definicio implementacio i manteniment d'un sistema d'analitica web;Informatica;13082.25;6;ISO27001;https://licitacions.bcn.cat/site/18/
28/01/2026;02/03/2026;Barcelona Activa SAU SPM;Empresa pública;Barcelona;Serveis per a la gestio coordinacio dinamitzacio i imparticio dels programes d'abast social de l'Ateneu de Fabricacio Digital;Otros;89274.30;7;ENS;https://licitacions.bcn.cat/site/18/
23/01/2026;27/02/2026;Barcelona Activa SAU SPM;Empresa pública;Barcelona;Subministrament de material informatic i multimèdia;Informatica;211204.00;8;ISO27001;https://licitacions.bcn.cat/site/18/
20/01/2026;23/02/2026;Barcelona Activa SAU SPM;Empresa pública;Barcelona;Serveis d'imparticio d'accions de capacitacio tecnic professional de certificats professionals;Formacion;128253.20;7;ISO9001;https://licitacions.bcn.cat/site/18/
14/01/2026;18/02/2026;Barcelona Activa SAU SPM;Empresa pública;Barcelona;Contracte mixt d'obres i subministraments per a la reforma de l'equipament del Porta 22;Obras;339854.00;6;NIS2;https://licitacions.bcn.cat/site/18/
30/01/2026;30/01/2026;Generalitat de Catalunya;Generalitat;Barcelona;Assistència tècnica el Sistema de Gestió d'Actius Geotècnics a la xarxa de carreteres;Obras;2887429.20;9;ENS;https://tendios.com/organo-de-contratacion/generalitat-de-catalunya
14/01/2026;14/01/2026;Generalitat de Catalunya;Generalitat;Barcelona;Execucio d'operacions de conservacio d'obra civil als trams de la xarxa de carreteres de la Generalitat;Obras;171058745.31;9;ISO14001;https://tendios.com/organo-de-contratacion/generalitat-de-catalunya
08/01/2026;08/01/2026;Generalitat de Catalunya;Generalitat;Barcelona;Realització d'auditories a les entitats col·laboradores de la Generalitat;Otros;114240.00;6;ISO27001;https://tendios.com/organo-de-contratacion/generalitat-de-catalunya
07/01/2026;07/01/2026;Generalitat de Catalunya;Generalitat;Barcelona;Subministrament de quinze (15) furgones amb motorització elèctrica o híbrida;Suministros;2169370.00;8;ISO14001;https://tendios.com/organo-de-contratacion/generalitat-de-catalunya
07/01/2026;07/01/2026;Generalitat de Catalunya;Generalitat;Barcelona;Servei d'assistència tècnica a la xarxa d'escoles verdes de la Generalitat;Otros;1315950.00;7;ISO14001;https://tendios.com/organo-de-contratacion/generalitat-de-catalunya
07/01/2026;07/01/2026;Generalitat de Catalunya;Generalitat;Barcelona;Manteniment multiprotocol i millora d'eficiència energètica de diverses dependències de la Generalitat;Mantenimiento;2093268.61;7;ISO50001;https://tendios.com/organo-de-contratacion/generalitat-de-catalunya
12/02/2026;15/03/2026;Hospital Sant Joan de Deu;Hospital;Barcelona;Servei d'analisi de metilacio de l'ADN en mostres de saliva per al Projecte PI24/00195;Sanidad;0.00;6;ISO27001;https://vhir.vallhebron.com
12/02/2026;10/03/2026;Hospital Sant Joan de Deu;Hospital;Barcelona;Subministrament d'arcs quirúrgics;Sanidad;150000.00;7;ISO13485;https://www.sjdhospitalbarcelona.org
10/02/2026;21/02/2026;Institut Català d'Oncologia;Hospital;Barcelona;Subministrament de senyalització del recinte de l'Hospital Duran i Reynals;Sanidad;85000.00;5;ENS;https://op.europa.eu
08/02/2026;01/03/2026;Hospital Universitari de Bellvitge;Hospital;Barcelona;Servei de seguretat de l'Hospital Universitat de Bellvitge;Servicios;180000.00;8;ISO27001;https://op.europa.eu
05/02/2026;16/02/2026;Universidad de Barcelona;Universidad;Barcelona;Obres de la reforma d'espais per a la instalacio d'un Centre de Processament de Dades (CPD) a la Facultat de Quimica;Obras;450000.00;7;ISO27001;https://www.ub.edu
03/02/2026;28/02/2026;Universidad de Barcelona;Universidad;Barcelona;Subministrament i instalacio de llones i vinils per a la Unitat d'Imatge Corporativa;Otros;35000.00;6;;https://www.ub.edu
28/01/2026;15/03/2026;Universitat Autonoma de Barcelona;Universidad;Barcelona;Contracte de serveis de manteniment de les instal·lacions de la UAB;Mantenimiento;320000.00;8;ISO14001;https://uab.cat
25/01/2026;20/03/2026;Ajuntament de Barcelona;Ajuntament;Barcelona;Servei de neteja d'edificis municipals;Neteja;2500000.00;9;ISO9001;https://barcelona.cat
20/01/2026;15/02/2026;Ajuntament de Barcelona;Ajuntament;Barcelona;Contracte d'obres de millora de la xarxa de carrils bicicletes;Obras;1800000.00;7;;https://barcelona.cat
15/01/2026;10/03/2026;Ajuntament de Girona;Ajuntament;Girona;Servei de gestio bibliotecaria de les biblioteques municipals;Cultural;420000.00;6;ISO9001;https://www.girona.cat
12/01/2026;25/02/2026;Ajuntament de Tarragona;Ajuntament;Tarragona;Manteniment de les zones verdes urbanes;Mantenimiento;890000.00;7;ISO14001;https://tarragona.cat
10/01/2026;20/02/2026;Ajuntament de Lleida;Ajuntament;Lleida;Subministrament de material escolar per als centres educatius municipals;Educacion;180000.00;5;;https://www.paeria.cat
05/01/2026;01/03/2026;Consorci de Salut i Social de Catalunya;Consorci;Barcelona;Serveis de logistica i distribucio de material sanitari;Sanidad;1200000.00;8;ISO27001;https://www.consorci.org
03/01/2026;18/02/2026;Consorci AOC;Consorci;Barcelona;Servei de suport tecnic a la plataforma de contractacio electronica;Informatica;450000.00;7;ENS;https://consorci-aoc.cat
