Fecha publicacion;Fecha limite;Organismo;Tipo;Provincia;Objeto;Area;Importe;Valoracion;Norma afectada;URL
20/12/2023;;Servei Català de la Salut (CatSalut);Generalitat;Barcelona;L’objecte del contracte consisteix en la implementació d’un sistema de captura i emmagatzematge de dades generades per les àrees d’intensius del SISCAT i el SEM. Atenent la connexió, integració i normalització tant de les dades procedents dels múltiples sistemes d’informació disponibles en els centr;Informática;12209253.75;8.0;ENS;https://contractaciopublica.cat/ca/detall-publicacio/13c1926a-283f-4f62-b1f8-6358f0ca5da4/300036323
12/03/2026;;Institut Català de la Salut (ICS);Generalitat;Girona;Subministrament dels productes de nutrició enteral per a l'Hospital Universitari de Girona Doctor Josep Trueta de l'Institut Català de la Salut(ICS) i per a l'Institut d'Assistència Sanitària(IAS), i dietes i equips per al pacients amb dispensació domiciliària de l'ICS;Sanidad;3634057.12;7.8;ENS;https://contractaciopublica.cat/ca/detall-publicacio/12f6a57f-7860-4c8a-999b-008cb7868dc1/300719592
20/06/2023;;Ferrocarrils de la Generalitat de Catalunya;Generalitat;Barcelona;Servei mèdic al dispensari de l’estació d’esquí i muntanya de Vall de Núria;Sanidad;642116.4;7.4;ENS;https://contractaciopublica.cat/ca/detall-publicacio/f1264531-b596-4c89-845c-345d48c15400/200083974
17/02/2023;;Ferrocarrils de la Generalitat de Catalunya;Generalitat;Barcelona;Servei de manteniment de la baixa i mitja tensió de les explotacions d'FGC Turisme.;Mantenimiento;692263.8;7.4;ENS;https://contractaciopublica.cat/ca/detall-publicacio/2ca5950a-0c27-72dd-0702-d68833b2b838/117080491
03/11/2025;;Ferrocarrils de la Generalitat de Catalunya;Generalitat;Barcelona;Servei de manteniment preventiu i correctiu dels ascensors i elevadors de les explotacions d’FGC Turisme (Ref:10/25);Mantenimiento;286000.0;6.8;ENS;https://contractaciopublica.cat/ca/detall-publicacio/cb712422-ade2-4471-8a98-62fc3af6b0b7/300606469
12/03/2026;;Ajuntament de Sabadell;Ajuntament;Barcelona;L’objecte d’aquest contracte és la renovació de la subscripció de llicències en modalitat SaaS del programari de Business Intelligence (BI), QLIK SENSE (QLIK Cloud), la contractació un servei de suport a l’usuari, així com un servei de suport estès en forma de bossa de 200 hores, per la formació i c;Informática;101260.0;6.2;ENS;https://contractaciopublica.cat/ca/detall-publicacio/b721a006-8ed2-4506-b846-d8b102f74e91/300717474
27/02/2025;;Diputació de Barcelona;Diputació;Barcelona;Contracte, promogut pel Servei de Gestió de Parcs Naturals de la Gerència de Serveis de d’Espais Naturals, de concessió de serveis públics per a la gestió de l’Escola de Natura Can Grau al Parc del Garraf, propietat de la Diputació de Barcelona, per a dur a terme determinats programes d’educació med;Educación;2835000.0;6.0;ISO14001;https://contractaciopublica.cat/ca/detall-publicacio/23b4878a-38b7-4282-a169-0d7bace03575/300385691
11/03/2026;;Infraestructures de la Generalitat de Catalunya, SAU;Generalitat;Lleida;Contracte de serveis per a l’assistència tècnica per la planificació de la gestió de les campanyes 2025-2026 i 2026-2027 en les finques de compensació de l'àmbit del regadiu Segarra-Garrigues. Clau: EV. E8-MA-25900;Servicios;50603.0;6.0;ENS;https://contractaciopublica.cat/ca/detall-publicacio/86cc6305-caec-4102-b967-f13daabfa1d4/300719257
11/03/2026;;Infraestructures de la Generalitat de Catalunya, SAU;Generalitat;Lleida;Contracte de serveis per a l’assistència tècnica per l'estudi i seguiment de la població d’arpella cendrosa la Plana de Lleida, localització de nius. Mesures correctores i compensatòries del regadiu del sistema Segarra-Garrigues. Campanya 2026-2027. Clau: EV. E7-MA-25900;Servicios;79720.0;6.0;ENS;https://contractaciopublica.cat/ca/detall-publicacio/fb1b5bcf-97fd-4099-8f70-3dc7fa56caf6/300719254
11/03/2026;;Infraestructures de la Generalitat de Catalunya, SAU;Generalitat;Lleida;Contracte de serveis per a l’assistència tècnica per l'estudi i seguiment de la població de xoriguer petit de la Plana de Lleida, anàlisi de l'ocupació de torres i caixes niu. Mesures correctores i compensatòries del regadiu del sistema Segarra-Garrigues. Campanya 2026-2027. Clau: EV. E6-MA-25900;Servicios;60160.0;6.0;ENS;https://contractaciopublica.cat/ca/detall-publicacio/86cc2c30-b89f-4d22-b78b-818f91806587/300719251
11/03/2026;;Infraestructures de la Generalitat de Catalunya, SAU;Generalitat;Lleida;Contracte de serveis per a l'assistència tècnica pel Seguiment de les finques gestionades als Secans Occidentals. Mesures correctores i compensatòries del regadiu del sistema Segarra- Garrigues. Campanyes 2026-2027. Clau: EV. E4-MA-25900;Servicios;53480.0;6.0;ENS;https://contractaciopublica.cat/ca/detall-publicacio/fda1595b-56d8-4778-889e-a1d7e59eedab/300719248
22/05/2025;;Ferrocarrils de la Generalitat de Catalunya;Generalitat;Barcelona;Acord marc per a l’homologació d’empreses per a la prestació de serveis d’inspeccions i revisions tècniques a les explotacions d’FGC Turisme, així com la inspecció de parallamps a les línies i instal·lacions de les línies ferroviàries d’FGC (05/25);Servicios;2116600.0;5.5;;https://contractaciopublica.cat/ca/detall-publicacio/e822eaea-3ff5-4f98-8cfe-a0e76d0d0423/300457702
05/08/2024;;Ferrocarrils de la Generalitat de Catalunya;Generalitat;Barcelona;Acord marc per a l'homologació d'empreses per a l'execució d'obres en l'estació d'esquí i muntanya de La Molina (Ref: 11/24);Otros;2380000.0;5.5;;https://contractaciopublica.cat/ca/detall-publicacio/c9c0d699-df57-4b4d-a980-1c894cdcae49/300219855
05/08/2024;;Ferrocarrils de la Generalitat de Catalunya;Generalitat;Barcelona;Acord marc per a l'homologació d'empreses per a l'execució d'obres en les estacions d'esquí i muntanya d'Espot i Port Ainé, així com al Parc Astronòmic del Montsec (Ref: 10/24);Otros;2524000.0;5.5;;https://contractaciopublica.cat/ca/detall-publicacio/c58a6548-5cc3-46c5-bdf4-7cfb443c3a35/300219832
22/07/2024;;Infraestructures de la Generalitat de Catalunya, SAU;Generalitat;Barcelona;Redacció del projecte bàsic i executiu i la posterior direcció de les obres de Reforma de l’immoble de Torre Muñoz situat al Passeig de Gràcia 105 de Barcelona;Obras;1798097.42;5.5;;https://contractaciopublica.cat/ca/detall-publicacio/d967db86-ea87-477e-8d54-fcfba2c01ad1/300205121
29/04/2024;;Infraestructures de la Generalitat de Catalunya, SAU;Generalitat;Barcelona;Redacció del projecte bàsic i d’execució i posterior direcció de les obres de la construcció de l’Hospital d’Atenció Intermèdia a Mataró;Obras;2236656.02;5.5;;https://contractaciopublica.cat/ca/detall-publicacio/1536b75b-b7cc-4014-a933-2ff1b7dd5a38/300131569
17/01/2024;;Ferrocarrils de la Generalitat de Catalunya;Generalitat;Barcelona;Acord marc per a l'homologació d'empreses per al subministrament de material de protecció i socorrisme a les pistes d'esquí d'FGC Turisme;Suministros;3453000.0;5.5;;https://contractaciopublica.cat/ca/detall-publicacio/2ed839f0-401a-4313-973e-18914b93b3bd/300053291
19/12/2023;;Infraestructures de la Generalitat de Catalunya, SAU;Generalitat;Barcelona;Execució de les obres del projecte de Prospecció arqueològica i estructura del CAP Raval;Otros;4330000.0;5.5;;https://contractaciopublica.cat/ca/detall-publicacio/29b9487c-9c6a-40bf-9339-f76082325675/300034227
08/02/2022;;Ferrocarrils de la Generalitat de Catalunya;Generalitat;Barcelona;Acord marc de serveis de manteniment correctiu i petites millores d'edificis,dependències, instal·lacions i pistes en estacions d'esquí, incloent manteniment decanonades i xarxa de neu artificial;Obras;4000000.0;5.5;;https://contractaciopublica.cat/ca/detall-publicacio/b7f34764-078c-f373-0457-071ddf3083fd/95791791
07/06/2017;;Servei Català de la Salut (CatSalut);Generalitat;Barcelona;adquisició de 18 acceleradors lineals i de 43 mamògrafs per a diferents entitats proveïdores del Sistema sanitari integral d'utilització pública de Catalunya ( SISCAT ).;Sanidad;38717355.37;5.5;;https://contractaciopublica.cat/ca/detall-publicacio/9343a446-0ca5-8680-24a2-1b558039b47c/23752162
09/03/2022;;Ferrocarrils de la Generalitat de Catalunya;Generalitat;Barcelona;Subministrament de suports per a forfets per a les estacions d'esquí i muntanya de FGC turisme;Suministros;1400000.0;5.5;;https://contractaciopublica.cat/ca/detall-publicacio/92c5b5b0-0f02-cc4d-0000-2ffc863a14a1/97364176
18/01/2021;;Ferrocarrils de la Generalitat de Catalunya;Generalitat;Barcelona;"1. Construcció i subministrament de:-\t10 unitats de tren elèctriques de longitud màxima 100 m i capacitat per 600 persones;   amb les corresponents peces de parc ( equivalents al valor del 70% d¿un tren) per a circulació del servei R-Aeroport, a la línia Sant Andreu- Aeroport,2. Manteniment integra";Obras;187000000.0;5.5;;https://contractaciopublica.cat/ca/detall-publicacio/6ef8e0d1-edf5-f7ca-3129-ad61dfd52c92/75069134
15/12/2016;;Centre de Telecomunicacions i Tecnologies de la Informació de la Generalitat de Catalunya;Generalitat;Barcelona;L'objecte d'aquesta licitació és la determinació dels preus i les condicions que hauran de regir per al subministrament de les llicències de programari d'ús comú de l'empresa Microsoft en la modalitat subscripció de cessió del dret d'ús, així com de tot aquell programari que estigui disponible en mo;Suministros;32000000.0;5.5;;https://contractaciopublica.cat/ca/detall-publicacio/08ef8f7f-ab16-9ad3-c0ff-e36587f360a7/20144269
12/03/2026;;Servei Català de la Salut (CatSalut);Generalitat;Barcelona;Acord Marc per a l'adquisició de taules quirúrgiques i els seus accessoris, destinades a diversos centres assistencials del Sistema sanitari integral d'utilització pública de Catalunya (SISCAT).;Sanidad;4768480.0;5.5;;https://contractaciopublica.cat/ca/detall-publicacio/94cecbb7-79b8-4ce0-b451-9d2c348a4844/300717740
11/03/2026;;Diputació de Barcelona;Diputació;Barcelona;Subministrament en la modalitat d’arrendament sense opció de compra, d’un vehicle híbrid (benzina-elèctric endollable), per la Subdirecció de Logística de la Diputació de Barcelona;Suministros;53600.0;5.5;ENS;https://contractaciopublica.cat/ca/detall-publicacio/d7db449c-265a-4b32-b605-21f52050369c/300718562
12/03/2026;;Diputació de Lleida;Diputació;Lleida;subministraments i serveis per al disseny gràfic, creativitat gràfica, maquetació, producció i distribució de materials gràfics i altres elements de comunicació promoguts per l’Oficina de Repte Demogràfic de la Diputació de Lleida en el marc del Projecte per a la sensibilització, el desenvolupament ;Suministros;67906.5;5.2;ENS;https://contractaciopublica.cat/ca/detall-publicacio/16658c5e-b11d-42fb-8a87-17d2459df8a1/300713774
02/03/2023;;Fundació per a la Universitat Oberta de Catalunya;Universidad;Barcelona;Acord marc per a la prestació del servei d'assessorament en diversos àmbits de la gestió de dades a la Universitat Oberta de Catalunya, segons el plec de prescripcions tècniques.;Informática;1900000.0;5.0;;https://contractaciopublica.cat/ca/detall-publicacio/bceade9d-ec5e-ac93-cdf8-85d383ec307b/200004117
21/11/2025;;Ajuntament de Mataró;Ajuntament;Barcelona;"Contracte del servei de recollida selectiva de residus municipals i del servei de neteja viària i de platges (Lot 1); del servei de recollida concertada de voluminosos a domicili (Lot 2); i del servei de gestió de\ndeixalleries i de recollida d’oli i tèxtil (Lot3); del municipi de Mataró.";Servicios;160549175.96;4.9;;https://contractaciopublica.cat/ca/detall-publicacio/fbf0fb98-e306-4416-9544-b8495e6cdce2/300617104
21/10/2025;;Ajuntament de Barcelona;Ajuntament;Barcelona;Servei del lleure educatiu infantil i familiar per a la gestió i dinamització de la xarxa de casals infantils i de casals infantils amb família de 0-3 anys del Districte de Sant Andreu, a l’Ajuntament de Barcelona, amb mesures de contractació pública sostenible.;Educación;1780846.17;4.9;;https://contractaciopublica.cat/ca/detall-publicacio/8769d365-1e85-48ed-b898-8b28be20157a/300593548
08/08/2025;;Ajuntament de Barcelona;Ajuntament;Barcelona;GEstió dels espais de gent gran i dinamització del programa de promoció de la gent gran del Districte de l'Eixample;Servicios;6415523.89;4.9;;https://contractaciopublica.cat/ca/detall-publicacio/482e9bc9-b238-4c30-a2ed-3b5fd2b27221/300536104
04/02/2026;;Ferrocarrils de la Generalitat de Catalunya;Generalitat;Barcelona;Servei de revisió mecànica de les tasques cícliques per allargar la vida útil dels remuntadors instal·lats a les estacions de muntanya d’FGC Turisme  (ref. AP03/26);Servicios;771000.0;4.9;;https://contractaciopublica.cat/ca/detall-publicacio/41e91617-45bf-48cb-a7cc-92345dac5a06/300684705
14/10/2025;;Ferrocarrils de la Generalitat de Catalunya;Generalitat;Barcelona;Subministrament de dos vehicles elèctrics 100% i tracció 4x4 per a les estacions de muntanya de Vallter i Boí Taüll (ref: 09/25);Suministros;768000.0;4.9;;https://contractaciopublica.cat/ca/detall-publicacio/8ac15671-8ab5-4f12-af26-c292e360b3f7/300586315
28/07/2025;;Ajuntament de Barcelona;Ajuntament;Barcelona;Programa de gent gran del districte de Nou Barris, amb mesures de contractació publica sostenible;Servicios;3924102.91;4.9;;https://contractaciopublica.cat/ca/detall-publicacio/da85ae30-448d-4d6d-9a4c-a6d8fcecc786/300525677
28/07/2025;;Ajuntament de Barcelona;Ajuntament;Barcelona;Gestió dels centres cívics de Bon Pastor, Baró de Viver, Trinitat Vella, la Sagrera, Sant Andreu i Navas del Districte de Sant Andreu, amb mesures de contractació pública sostenible;Servicios;9759959.23;4.9;;https://contractaciopublica.cat/ca/detall-publicacio/3dc92c5d-ae8d-4a05-91c7-025451971d16/300524469
28/07/2025;;Ajuntament de Barcelona;Ajuntament;Barcelona;Gestió de la Xarxa d'equipaments en lleure del districte de Nou Barris, amb mesures de contractació pública sostenible;Suministros;4339506.77;4.9;;https://contractaciopublica.cat/ca/detall-publicacio/1fc4f2d8-f53d-4ad4-9d0f-6de99bbf169c/300525708
22/05/2025;;Ajuntament de Barcelona;Ajuntament;Barcelona;Arrendament, instal·lació i manteniment de cabines de sanitaris públics, automàtiques i auto rentables del Districte de Ciutat Vella;Mantenimiento;2967580.0;4.9;;https://contractaciopublica.cat/ca/detall-publicacio/9b6cc92a-9828-44bc-86b3-bc4217d773b5/300458594
21/01/2025;;Ajuntament de Barcelona;Ajuntament;Barcelona;Serveis per a joves i adolescents de l’Espai Jove Garcilaso: Joves Sant Andreu, Servei de dinamització juvenil, Projecte Musical-audiovisual i complementaris de l’Espai Jove Garcilaso del Districte de Sant Andreu a l’Ajuntament de Barcelona, amb mesures de contractació publica sostenible.;Servicios;2020303.01;4.9;;https://contractaciopublica.cat/ca/detall-publicacio/8a6cba4c-6895-49df-9c30-4f80d5a6ac30/300356067
18/12/2024;;Ajuntament de Barcelona;Ajuntament;Barcelona;Gestió,  dinamització i organització del centre cívic Cotxeres Borrell del Districte de l'Eixample;Servicios;2492963.99;4.9;;https://contractaciopublica.cat/ca/detall-publicacio/4afa284f-773e-4705-b823-61124d294a59/300319936
21/10/2025;;Ajuntament de Terrassa;Ajuntament;Barcelona;Gestió unificada i explotació del servei d’alberg municipal, en la modalitat de concessió de serveis, reservat a Centres Especial de Treball d’Iniciativa Social (CETIS), d’acord amb la Disposició Addicional 4a de la LCSP;Servicios;1004327.8;4.9;;https://contractaciopublica.cat/ca/detall-publicacio/8a8fba51-a7f4-4776-8231-2d30fc397dcc/300593164
21/02/2024;;Ajuntament de Barcelona;Ajuntament;Barcelona;Contracte de serveis té per objecte gestionar el Centre Cívic Can Castelló, el Casal de Gent Gran Can Castelló, el Casal de Gent Gran Can Fàbregas, el Casal de Gent Gran Sant Ildefons, el Programa de Dinamització de Gent Gran del Districte de Sarrià - Sant Gervasi, L’espai Jove Casa Sagnier i del se;Servicios;5000000.0;4.9;;https://contractaciopublica.cat/ca/detall-publicacio/da32483e-96a0-4991-a25f-7d08e8636936/300079990
21/02/2024;;Ajuntament de Barcelona;Ajuntament;Barcelona;Servei de gestió, organització i explotació del Centre Cívic Sarrià, el Centre Cívic Vil.la Urània, del Casal Infantil i de l’Espai Familiar La Saleta, el Centre Cívic Vil.la Florida i el Centre Cívic Pere Pruna;Servicios;11000000.0;4.9;;https://contractaciopublica.cat/ca/detall-publicacio/15715627-dccb-4746-ad5f-ae25e6817b75/300078050
04/03/2025;;Ferrocarrils de la Generalitat de Catalunya;Generalitat;Barcelona;Subministrament, servei d'implantació i llicenciament d'una eina de control, gestió i optimització de les tasques de trepitjat de neu, així com gestió de la flota de vehicles trepitjaneu de les estacions de muntanya de La Molina, Espot i Port Ainé (Ref: 03/25);Suministros;524460.0;4.9;;https://contractaciopublica.cat/ca/detall-publicacio/e59be027-b89d-43fe-a4d4-0f5375901258/300390432
22/09/2023;;Ajuntament de Barcelona;Ajuntament;Barcelona;Gestió dels serveis per a joves i adolescents de l’Espai Jove Jaume Oller del Districte de Sant Andreu, amb mesures de contractació publica sostenible.;Servicios;1545607.85;4.9;;https://contractaciopublica.cat/ca/detall-publicacio/d9cc708f-cc70-4069-8e4f-268d7b511b3b/200138890
28/06/2021;;Ajuntament de Barcelona;Ajuntament;Barcelona;La realització del manteniment d'aparells elevadors dels edificis adscrits als Districtes i Gerències de l'Ajuntament de Barcelona.;Obras;2644534.65;4.9;;https://contractaciopublica.cat/ca/detall-publicacio/f8a88a9f-2cba-fa85-b99a-e8b5bda45c10/84127839
09/04/2018;;Ajuntament de Barcelona;Ajuntament;Barcelona;Gestió de la residència i centre de dia Fort Pienc.;Servicios;17438636.8;4.9;;https://contractaciopublica.cat/ca/detall-publicacio/f5430745-e15e-c7a3-9022-77c28e6c8fe3/30816948
31/01/2023;;Ferrocarrils de la Generalitat de Catalunya;Generalitat;Barcelona;Servei de manteniment mecànic dels remuntadors instal·lats a les estacions d'esquí i muntanya d' FGC Turisme.;Mantenimiento;780060.0;4.9;;https://contractaciopublica.cat/ca/detall-publicacio/c65f41ee-9dc7-b33c-d3f7-9a738a589c67/115961520
12/08/2020;;Ajuntament de Barcelona;Ajuntament;Barcelona;Contractació del servei de logística integral de magatzem, mudances tècniques i muntatge d'actes de l'Ajuntament de BarcelonaEl contracte es podrà prorrogar per 12 mesos addicionals.;Servicios;1893963.06;4.9;;https://contractaciopublica.cat/ca/detall-publicacio/86d45141-5908-b835-1d5e-a688bd801d82/67282286
16/07/2018;;Ajuntament de Barcelona;Ajuntament;Barcelona;Serveis de transversalitat de gènere a l'Ajuntament de Barcelona;Servicios;1573967.0;4.9;;https://contractaciopublica.cat/ca/detall-publicacio/79f8e500-6450-20eb-128a-fb190d800441/34077170
12/08/2020;;Ajuntament de Barcelona;Ajuntament;Barcelona;Contractació del servei de suport tècnic i logístic per actes ciutadans i protocol.laris, juntament amb el manteniment dels aparells i les sales tècniques audiovisuals.El contracte té una durada de 3 anys prorrogable fins a 12 mesos adiccionals.;Mantenimiento;1444628.12;4.9;;https://contractaciopublica.cat/ca/detall-publicacio/796605c6-b89e-8fef-c7ac-d4abbc0f29f0/67281823
26/11/2019;;Ajuntament de Barcelona;Ajuntament;Barcelona;Cconceptualització dels projectes webs i Progressive web apps que determini la Direcció de Comunicació Digital de l'Ajuntament de Barcelona;Informática;1899423.07;4.9;;https://contractaciopublica.cat/ca/detall-publicacio/73f156c0-a5f3-6455-ea37-924cf57a873c/55526988
10/10/2018;;Ajuntament de Barcelona;Ajuntament;Barcelona;Gestió i explotació del Centre Cívic Vallvidriera, del Centre Cívic l'Elèctric i del Casal de barri Can Rectoret;Servicios;2155409.0;4.9;;https://contractaciopublica.cat/ca/detall-publicacio/5583be59-f08e-6a4a-cb24-596d7e597ef1/36947751
28/02/2025;;Ferrocarrils de la Generalitat de Catalunya;Generalitat;Barcelona;Subministrament, instal·lació, configuració, garantia i servei de manteniment de l'electrònica de xarxa de les estacions de muntanya d’FGC Turisme, així com el subministrament, posada en servei i servei de manteniment d'un sistema de gestió centralitzada instal·lat al núvol (Ref: 02/25);Mantenimiento;686000.0;4.9;;https://contractaciopublica.cat/ca/detall-publicacio/29d58ee4-587f-441e-9861-c63a3d9e0d38/300387857
28/09/2022;;Ferrocarrils de la Generalitat de Catalunya;Generalitat;Barcelona;Serveis d'auditoria per FGC i les seves societats participades;Servicios;565000.0;4.9;;https://contractaciopublica.cat/ca/detall-publicacio/0a07c363-a7b9-626b-1f4b-715e5c71ecca/108721501
12/03/2026;;Ajuntament de Barcelona;Ajuntament;Barcelona;Servei de control d'accessos i regulació de talls de trànsit a la ciutat de Barcelona amb motiu de la celebració d'activitats i esdeveniments a la via pública, organitzats pel Departament de Comunicació de les Gerències de MISUUH;Servicios;4260471.2;4.9;;https://contractaciopublica.cat/ca/detall-publicacio/04c106a8-c99c-4fb2-a012-98aea868e90d/300719755
25/04/2025;;Consorci d'Educació de Barcelona;Consorci;Barcelona;CEB-2025-304 - Servei Transport escolar a Centres d'Educació Especial - Obert - Serveis;Educación;4815784.08;4.8;;https://contractaciopublica.cat/ca/detall-publicacio/96a0f2bb-5ce1-49ec-9070-3d06d8a9c9aa/300432254
17/04/2025;;Diputació de Barcelona;Diputació;Barcelona;Concessió del servei de botiga del Palau Güell\n;Servicios;1976094.0;4.8;;https://contractaciopublica.cat/ca/detall-publicacio/248b8c6d-1fab-4812-8d3b-61019939d6b4/300427398
26/03/2025;;Diputació de Barcelona;Diputació;Barcelona;Concessió de serveis no públics per a la gestió de la masia Bellver, situada al Parc Natural i Reserva de la Biosfera del Montseny i propietat de la Diputació de Barcelona;Servicios;3493000.0;4.8;;https://contractaciopublica.cat/ca/detall-publicacio/de020139-3e0c-4642-8f31-e5b6164175c5/300409259
20/03/2024;;Diputació de Barcelona;Diputació;Barcelona;Assessorament, disseny, desenvolupament i implantació d'un model de governança de les dades.;Informática;1300000.0;4.8;;https://contractaciopublica.cat/ca/detall-publicacio/03671696-a42c-40eb-ad4d-49bb7e3aed38/300102242
18/09/2023;;Àrea Metropolitana de Barcelona;Consorci;Barcelona;Servei públic de transport col·lectiu urbà de viatgers a Barberà del Vallès;Servicios;3797000.0;4.8;;https://contractaciopublica.cat/ca/detall-publicacio/c12a7908-910d-4428-b788-4bccb95a5780/200134886
06/11/2020;;Àrea Metropolitana de Barcelona;Consorci;Barcelona;Servei públic de transport col.lectiu urbà de viatgers en autobús a Torrelles de Llobregat;Servicios;2394171.0;4.8;;https://contractaciopublica.cat/ca/detall-publicacio/e95b15b9-3c4a-d364-22b2-0cd6b20d6b34/71566328
02/05/2018;;Àrea Metropolitana de Barcelona;Consorci;Barcelona;Servei públic de transport col·lectiu urbà de viatgers al districte de Nou Barris de Barcelona;Servicios;33388200.0;4.8;;https://contractaciopublica.cat/ca/detall-publicacio/90690794-e864-f44f-4c8e-0015de694820/31409209
12/03/2026;;Centres educatius Barcelona ciutat - Consorci d'Educació de Barcelona;Consorci;Barcelona;Servei d’alimentació i monitoratge del temps educatiu de migdia de l’Escola Joaquim Ruyra;Educación;2178162.11;4.8;;https://contractaciopublica.cat/ca/detall-publicacio/c8c83b68-43e2-419f-a354-7574ad37c2c0/300719707
11/03/2026;;Centres educatius Barcelona ciutat - Consorci d'Educació de Barcelona;Consorci;Barcelona;Servei d’alimentació i monitoratge del temps educatiu de migdia de l’Escola Pere Vila;Educación;2949673.02;4.8;;https://contractaciopublica.cat/ca/detall-publicacio/a9b5b4a4-af5a-4c4c-9f76-4bed89d6a1ee/300719117
11/03/2026;;Centres educatius Barcelona ciutat - Consorci d'Educació de Barcelona;Consorci;Barcelona;Servei d’alimentació i monitoratge del temps educatiu de migdia de l’Escola La Mar Bella;Educación;2741168.71;4.8;;https://contractaciopublica.cat/ca/detall-publicacio/ef35270e-d7a5-4c5c-b364-d5f395333236/300719113
11/03/2026;;Centres educatius Barcelona ciutat - Consorci d'Educació de Barcelona;Consorci;Barcelona;Servei d’alimentació i monitoratge del temps educatiu de migdia de l’Escola La Caixa;Educación;1413783.3;4.8;;https://contractaciopublica.cat/ca/detall-publicacio/48a94031-c9c3-4ee6-b349-d5e25fef73e8/300719107
21/10/2020;;Diputació de Girona;Diputació;Girona;El Departament d'Habitatge de la Diputació de Girona ha impulsat el Programa d'Estalvi Energètic i Pobresa Energètica, el qual té l'objectiu de donar eines i recursos als ajuntaments i els consells comarcals de la demarcació de Girona per impulsaractuacions directes per sensibilitzar la població sob;Formación;26220.0;4.7;ENS/ISO50001;https://contractaciopublica.cat/ca/detall-publicacio/abf5fd63-2e51-994f-9564-e556983903a1/70323603
12/03/2026;;Ajuntament de Girona;Ajuntament;Girona;El contracte té per objecte la prestació dels serveis postals de l’Ajuntament de Girona, amb mesures de contractació pública socials i ambientalment responsables.;Servicios;3576550.67;4.7;;https://contractaciopublica.cat/ca/detall-publicacio/843a7916-47bc-4761-8b3b-ccaa48119089/300720491
11/03/2026;;Infraestructures de la Generalitat de Catalunya, SAU;Generalitat;Lleida;Execució de les obres. Condicionament del pas de Comiols a l’L-512 del PK 1+250 al 7+460 (Vall-llebrera). Artesa de Segre. Clau: AL-02134.1.F1;Otros;729800.36;4.7;;https://contractaciopublica.cat/ca/detall-publicacio/704b9da4-e8c6-4174-ac93-004607ef0805/300687633
10/11/2020;;Diputació de Girona;Diputació;Girona;L'objecte de la contractació és el servei de direcció de la col·lecció corporativa «Quaderns de la Revista de Girona» per al període 2021-2022. Durant aquest període, s'editaran un màxim de 16 títols (8 títols anuals com a màxim) i el servei que es contracte té per finalitat  garantir la qualitat i ;Servicios;50400.0;4.5;ISO9001;https://contractaciopublica.cat/ca/detall-publicacio/7f16abae-36fa-2407-2399-9674a9ec45d0/71721787
11/03/2026;;Diputació de Lleida;Diputació;Lleida;Execució de les obres incloses al projecte d'actuacions específiques a la carretera LV-2101, de la C-14 a Montornès de Segarra. Rehabilitació del ferm i obres complementàries. Tram: Pk 0+765 a Pk 9+919;Otros;1953670.96;4.5;;https://contractaciopublica.cat/ca/detall-publicacio/8e775d75-273d-45c4-a750-8796072ed44a/300715689
11/03/2026;;Ajuntament de Barcelona;Ajuntament;Barcelona;Subministrament, mitjançant arrendament, de material d’infraestructures pel desenvolupament d’actes del Districte de Sants-Montjuïc, amb mesures de contractació pública sostenible;Suministros;765156.99;4.3;;https://contractaciopublica.cat/ca/detall-publicacio/f07304cf-ae98-4729-90d5-d333e00a2769/300717142
23/01/2026;;Ferrocarrils de la Generalitat de Catalunya;Generalitat;Barcelona;Subministrament de tres màquines trepitjaneu usades, dues en règim d’arrendament i l’altre per adquisició en propietat per a les estacions de muntanya de La Molina i Boí Taüll (ref. AP02/26);Suministros;494400.0;4.3;;https://contractaciopublica.cat/ca/detall-publicacio/c3bc43c5-211c-4e00-84d6-71928232b5ee/300671461
13/02/2026;;Ajuntament de Barcelona;Ajuntament;Barcelona;Serveis mèdics preventius d’ambulàncies, per a cobrir activitats i esdeveniments que tenen lloc a la via pública dels districtes de Ciutat Vella, Sants-Montjuïc, Les Corts, Sarrià-Sant Gervasi, Gràcia, Horta-Guinardó, Nou Barris, Sant Andreu i Sant Martí amb mesures de contractació pública sostenibl;Sanidad;942227.0;4.3;;https://contractaciopublica.cat/ca/detall-publicacio/ab98b2da-b90a-420e-bdf5-8caf045b14f5/300691862
03/02/2026;;Ferrocarrils de la Generalitat de Catalunya;Generalitat;Barcelona;Subministrament de llicències de subscripció dels dispositius HPE ARUBA així com servei de suport i manteniment de l’equipament wifi instal·lat a les estacions de muntanya d’FGC Turisme (ref. AP01/26);Mantenimiento;276598.0;4.3;;https://contractaciopublica.cat/ca/detall-publicacio/59790ccd-b09d-4442-8f03-ab971415df1b/300684096
24/12/2025;;Ajuntament de Barcelona;Ajuntament;Barcelona;Gestió de serveis, modalitat concessió, Complex esportiu  municipal Fort Pienc i pistes Joan Miró Dte Eixample amb mesures de contractació sostenible;Servicios;990000.0;4.3;;https://contractaciopublica.cat/ca/detall-publicacio/a2c8ae10-7f1e-462e-969c-96ba48965b82/300654267
09/12/2025;;Ferrocarrils de la Generalitat de Catalunya;Generalitat;Barcelona;Subministrament de senyalització per a les temporades d’estiu 2026, hivern 2026-27 i estiu 2027 per a les explotacions d’FGC Turisme (Ref: 13/25);Suministros;334200.0;4.3;;https://contractaciopublica.cat/ca/detall-publicacio/cd488930-c0f9-4b41-a8f7-3c5c539ce451/300640951
19/09/2025;;Ajuntament de Sabadell;Ajuntament;Barcelona;Anunci d'informació prèvia de la Concessió del servei de gestió i explotació de les guinguetes i barbacoes de les àrees de lleure de Sant Vicenç de Jonqueres i Sant Julià d’Altura de Sabadell que es tramitarà per procediment restringit, dividit en els següents lots:\n \nLot 1. Área de lleure del Par;Formación;642090.0;4.3;;https://contractaciopublica.cat/ca/detall-publicacio/922f19c7-9f9c-453f-8157-b2578f1becb5/300564914
20/03/2025;;Ajuntament de Barcelona;Ajuntament;Barcelona;Gestió de serveis del Casal Infantil Sagrada Família del Districte de l'Eixample;Servicios;800000.0;4.3;;https://contractaciopublica.cat/ca/detall-publicacio/4b261b82-91cd-4399-b558-32c3a300eb4f/300405039
10/12/2023;;Ajuntament de Barcelona;Ajuntament;Barcelona;Gestió i explotació, en la modalitat de concessió de serveis, del Complex Esportiu Municipal Fort Pienc, ubicat al C/Marina,119 i de les Pistes Joan Miró, ubicades al C/Aragó,2  del Districte de l’Eixample, amb mesures de contractació pública sostenible.;Servicios;990885.18;4.3;;https://contractaciopublica.cat/ca/detall-publicacio/ee5a6d68-72bb-40ba-b3f8-c85797672e81/300024402
06/03/2025;;Ajuntament de Barcelona;Ajuntament;Barcelona;Organització i dinamització Aula ambiental del Districte de l'Eixample;Servicios;550000.0;4.3;;https://contractaciopublica.cat/ca/detall-publicacio/75c4a248-1044-42d0-b01c-16eb6699bf71/300392935
11/10/2023;;Ajuntament de Barcelona;Ajuntament;Barcelona;Servei de gestió i dinamització dels FABs del Districte de Sants-Montjuïc, amb mesures d’eficiència social:\n - FAB Casa del Mig, situat al barri de Sants\n- El FAB Casa del Rellotge, situat al barri de La Marina de Port;Servicios;913570.28;4.3;;https://contractaciopublica.cat/ca/detall-publicacio/b9baa83f-5bdf-4766-b0e4-f13baae52415/200148920
04/10/2023;;Ferrocarrils de la Generalitat de Catalunya;Generalitat;Barcelona;Servicio de desarrollo del nuevo portal web y de la aplicación móvil transversal Pirineu365 para las estaciones de esquí y montaña de FGC Turismo;Informática;374985.0;4.3;;https://contractaciopublica.cat/ca/detall-publicacio/1dab89d2-6860-406b-9f1c-e72bb22797b2/200146452
20/09/2023;;Ajuntament de Barcelona;Ajuntament;Barcelona;Instal·lació, arrendament i manteniment de 3 cabines de sanitaris públics, automàtiques i auto rentables, al barri de la Barceloneta del Districte de Ciutat Vella;Mantenimiento;519420.0;4.3;;https://contractaciopublica.cat/ca/detall-publicacio/48311d60-86d0-463d-8afd-ccd733866bb1/200136994
18/10/2022;;Ajuntament de Barcelona;Ajuntament;Barcelona;Desenvolupaments del Servei auxiliar de recepció dels edificis situats al carrer Valencia 344, Passeig S Joan 75 i carrer Viladomat 127;Obras;509417.68;4.3;;https://contractaciopublica.cat/ca/detall-publicacio/c37ea490-4778-4a7f-b55e-0ff95985b784/109911329
12/03/2026;;Ferrocarrils de la Generalitat de Catalunya;Generalitat;Barcelona;Obres d'adequació, tancament i senyalització de terrenys d’FGC en zona de domini públic (TM Cornellà de Llobregat) ferroviari de la línia Llobregat-Anoia de Ferrocarrils de la Generalitat de Catalunya (Ref. POS36/26);Otros;177297.42;4.3;;https://contractaciopublica.cat/ca/detall-publicacio/0100b897-5966-4f68-be79-826311033aba/300719463
11/03/2026;;Infraestructures de la Generalitat de Catalunya, SAU;Generalitat;Barcelona;Contracte de serveis per a l'assistència tècnica per a la redacció del projecte constructiu de les obres de cobertura del Macropou i superfície. Clau: TM-04426.1.1B;Servicios;243340.35;4.3;;https://contractaciopublica.cat/ca/detall-publicacio/fe93ea12-eb11-44af-99e1-13652a70c31f/300719243
11/03/2026;;Ferrocarrils de la Generalitat de Catalunya;Generalitat;Barcelona;Servei per a la realització de les inspeccions reglamentaries dels equips a pressió embarcats a les unitats de tren de les sèries 112, 213 i Automotors de Montserrat dels Ferrocarrils de la Generalitat de Catalunya (Ref:PO24/26);Suministros;298320.0;4.3;;https://contractaciopublica.cat/ca/detall-publicacio/3b3364a2-1ccb-4751-9f14-162f87d8c821/300718464
15/05/2019;;Diputació de Barcelona;Diputació;Barcelona;Redacció del projecte constructiu de la Via Blava del Llobregat. Tram: Castellar de n'Hug - Castellbisbal;Servicios;660000.0;4.2;;https://contractaciopublica.cat/ca/detall-publicacio/9a555d21-9776-9631-1da6-4bd1d3afd463/46712695
12/03/2026;;Centres educatius Barcelona ciutat - Consorci d'Educació de Barcelona;Consorci;Barcelona;Servei d’alimentació i monitoratge del temps educatiu de migdia de Institut Viladomat;Educación;740871.45;4.2;;https://contractaciopublica.cat/ca/detall-publicacio/2eeb35df-01ee-4416-a614-5da5b7018f90/300719629
11/03/2026;;Consorci d'Educació de Barcelona;Consorci;Barcelona;Suport gestió i formació Escoles per la Igualtat-Diversitat;Formación;567531.32;4.2;;https://contractaciopublica.cat/ca/detall-publicacio/941b402f-2602-4608-9bf5-8bb0ba91fdc3/300717793
13/03/2026;;Ajuntament de Girona;Ajuntament;Girona;Ajuda i suport tècnic | Perfil del ContractantAjuda i suport tècnicPerfil del ContractantTelèfon:Telèfon 900 924 009 + extensió 1 (canal preferent per incidències que es produeixin en les últimes 24 h del termini de presentació d’ofertes).A/e:sau.tic@pautic.gencat.catDe dilluns a divendres de 8 a 20;Informática;0.0;4.2;ENS;mailto:sau.tic@pautic.gencat.cat
13/03/2026;;Ajuntament de Girona;Ajuntament;Girona;Ajuda i suport tècnicPerfil del ContractantTelèfon:Telèfon 900 924 009 + extensió 1 (canal preferent per incidències que es produeixin en les últimes 24 h del termini de presentació d’ofertes).A/e:sau.tic@pautic.gencat.catDe dilluns a divendres de 8 a 20 h i indiqueu en l’assumpte del correu “Codi 3;Informática;0.0;4.2;ENS;mailto:sau.tic@pautic.gencat.cat
13/03/2026;;Ajuntament de Girona;Ajuntament;Girona;Telèfon:Telèfon 900 924 009 + extensió 1 (canal preferent per incidències que es produeixin en les últimes 24 h del termini de presentació d’ofertes).A/e:sau.tic@pautic.gencat.catDe dilluns a divendres de 8 a 20 h i indiqueu en l’assumpte del correu “Codi 31: PSCP-eines de licitació electrònica” i i;Informática;0.0;4.2;ENS;mailto:sau.tic@pautic.gencat.cat
13/03/2026;;Àrea Metropolitana de Barcelona;Consorci;Barcelona;CerrarTransparenciaPortal de transparenciaCanal intern d'alertesAdministraciónTrabajar en el AMBVerificador de documentsAtención ciudadanaSede electrónicaTrámitesInstancia genéricaTablón de anuncioseNotumPerfil de contratanteContratación públicaInformación públicaTributo metropolitanoFactura electró;Formación;0.0;4.2;ENS;https://www.amb.cat/es/web/amb/seu-electronica/perfil-de-contractant#view-serveis
13/03/2026;;Consorci d'Educació de Barcelona;Consorci;Barcelona;Etapas educativas y enseñanzas(0-3) Educación infantil - GuarderiasDestacamos¿A quien se dirige?Currículum de la etapa(3-6) Educación infantilDestacamos¿A quien se dirige?Currículum de la etapa(6-12) Educación primariaDestacamos¿A quien se dirige?Currículum de la etapa(12-16) Educación secundariaDes;Formación;0.0;4.2;ENS;https://www.edubcn.cat/es/el_consorcio/gestion_economica/perfil_del_contratante#menu-mobile-15982
12/03/2026;;Ferrocarrils de la Generalitat de Catalunya;Generalitat;Girona;Obres de reforma de la Pista de Les Creus de l’estació de muntanya de Vall de Núria (ref. POS19/26);Obras;498987.62;4.1;;https://contractaciopublica.cat/ca/detall-publicacio/f58708d5-d209-4b66-954d-d0c468253764/300719986
12/03/2026;;Ferrocarrils de la Generalitat de Catalunya;Generalitat;Girona;Obres de millora de la protecció contra despreniments rocosos als vessants NU21VE06 I NU21VE07 del Cremallera de Núria de Ferrocarrils de la Generalitat de Catalunya. Prioritat P2C. Fase 1 (Ref:POS34/26);Otros;174924.54;4.1;;https://contractaciopublica.cat/ca/detall-publicacio/6b9b0e52-d5a9-430f-bf9d-9843b0781ce7/300717809
11/03/2026;;Ferrocarrils de la Generalitat de Catalunya;Generalitat;Lleida;Acord marc per al subministrament de materials per a l’explotació i el manteniment de les estacions de muntanya d’Espot i Port Ainé, així com del Parc Astronòmic del Montsec (Ref:AM06/26);Mantenimiento;160000.0;4.1;;https://contractaciopublica.cat/ca/detall-publicacio/758a91ff-5e02-4cbe-b0ff-94f348bb54dc/300684140
11/01/2021;;Diputació de Lleida;Diputació;Lleida;Subministrament de senyalització de punts d'interès, d'accés i de rutes. Projecte \Ponent Actiu\, finançat pels fons FEDER de la Unió EuropeaContracte adjudicat per acord de la Junta de Govern de la Diputacio de Lleida en sessio 41/2018, de 27 de desembre de 2018;Suministros;735950.2;4.0;;https://contractaciopublica.cat/ca/detall-publicacio/9f7336fe-66a0-ff91-db9e-c4b2c491303d/74833435
13/03/2026;;Diputació de Tarragona;Diputació;Tarragona;administració localseuelectronicaadministració localesamadministració localbaseadministració localintradtadministració localtransparenciaadministració localboptadministració localecontractaciomúsicacmreusmúsicacmtarragonamúsicacmtortosaart i dissenyEstudiarArtiDissenyensenyamentseadrart i dissenyead;Cultural;0.0;4.0;ENS;https://seuelectronica.dipta.cat
13/03/2026;;Diputació de Tarragona;Diputació;Tarragona;topSeu ElectrònicaSeu Electrònica de la Diputació de TarragonaTransparènciaTransparència i bon governPerfil ContractantContacteAltres websAltres webs diptaMenú13/03/2026La DiputacióCorporació i GovernPla de Mandat 2023-2027Àrees i organismesLa institucióActualitatComunicacióPremsa, comunicació i ima;Informática;0.0;4.0;ENS;https://seuelectronica.dipta.cat/
13/03/2026;;Diputació de Lleida;Diputació;Lleida;Bon GovernTransparènciaSeu electrònicaPerfil del ContractantTràmits i GestionsPagament de tributsOficina VirtualBorsa de treballServeisCatàleg de serveis de la Diputació de LleidaServeis per als ens localsServeis i tràmits per a les personesServei d’Arxius, Estudis i InformacióPlans, subvencions i a;Formación;0.0;4.0;ENS;https://www.diputaciolleida.cat
29/12/2025;;Ajuntament de Barcelona;Ajuntament;Barcelona;Lloguer de cabines sanitàries portàtils i urinaris de peu, inclosa la seva instal·lació, neteja, manteniment i retirada, per a festes, activitats i esdeveniments, així com per a la prevenció de conductes incíviques a la via pública del Districte de Ciutat Vella;Mantenimiento;451397.31;3.7;;https://contractaciopublica.cat/ca/detall-publicacio/9987ca37-1b22-4e23-9ad1-43f75efd4b57/300650189
07/11/2024;;Ajuntament de Barcelona;Ajuntament;Barcelona;Treballs de conservació, neteja, manteniment de construccions, edificacions i terrenys, substitució i retirada d'elements al Districte de Ciutat Vella;Mantenimiento;495000.0;3.7;;https://contractaciopublica.cat/ca/detall-publicacio/d4da75be-8497-4f0d-b7d0-47da61714096/300288877
14/11/2022;;Ajuntament de Barcelona;Ajuntament;Barcelona;servei de tractament arxivístic per a l'avaluació i tria dels expedients de la sèrie \inspeccions\ del període 1996-2010 (ambdós inclosos) dipositats als arxius municipals de districte, 2 lots;Servicios;219094.44;3.7;;https://contractaciopublica.cat/ca/detall-publicacio/dc9b7648-c4af-b4ee-954c-cd7b93005035/111517299
12/03/2026;;Ajuntament de Barcelona;Ajuntament;Barcelona;Servei de la dinamització socioeducativa mitjançant l'esport i la gestió de la convivència de les Pistes esportives municipals Antoni Gelabert, amb mesures de contractació pública sostenible;Educación;490757.35;3.7;;https://contractaciopublica.cat/ca/detall-publicacio/7e02cbc9-995b-46eb-a847-8a929bc2b868/300720509
11/03/2026;;Ajuntament de Barcelona;Ajuntament;Barcelona;Servei de disseny, conceptualització i gestió de continguts comunicatius de xarxes socials per a cadascuna de les direccions de l'Àrea de Cultura, Educació, Cicles de Vida, Feminismes i LGTBI;Cultural;146880.0;3.7;;https://contractaciopublica.cat/ca/detall-publicacio/8a13c6de-6900-43d0-810e-b1f5ddeec918/300719168
11/03/2026;;Ajuntament de Barcelona;Ajuntament;Barcelona;Servei de suport i assistència als magatzems del Servei de Protecció Civil Prevenció, Extinció d¿Incendis i Salvament, d¿acord amb les previsions del Plec de prescripcions tècniques i amb mesures de contractació pública sostenible;Servicios;479428.88;3.7;;https://contractaciopublica.cat/ca/detall-publicacio/586354e0-2505-45e6-a407-84dddd3de485/300717839
06/02/2026;;Diputació de Barcelona;Diputació;Barcelona;Subministrament de queviures pel Departament de Cuina de l’Escola de la Dona;Educación;302909.38;3.5;;https://contractaciopublica.cat/ca/detall-publicacio/65b93b2e-77e2-46e9-831e-45f1dfe5e217/300688338
07/05/2025;;Diputació de Barcelona;Diputació;Barcelona;Subministrament de material d'oficina per atendre les necessitats dels diferents serveis i oficines de la Diputació de Barcelona i altres entitats integrades al sector públic, dividit en 3 lots;Suministros;248000.0;3.5;;https://contractaciopublica.cat/ca/detall-publicacio/7d91fe11-23ba-4d93-b208-dd9caa52b641/300441410
14/04/2025;;Diputació de Barcelona;Diputació;Barcelona;Serveis relatiu al desenvolupament i dinamització del programa “Comunitat d'innovació, aprenentatge i incidència de l'Observatori de Cooperació Descentralitzada UE-AL”;Servicios;279000.0;3.5;;https://contractaciopublica.cat/ca/detall-publicacio/b0f8e686-1fa3-4b78-b583-0fc7c1eb69c6/300424916
24/10/2023;;Diputació de Barcelona;Diputació;Barcelona;Redacció de projectes executius de fotovoltaica en coberta;Servicios;326446.0;3.5;;https://contractaciopublica.cat/ca/detall-publicacio/f96794d7-d4ea-4ff7-924a-5825a339a4c8/200161497
22/06/2017;;Consorci per a la Formació Contínua de Catalunya;Consorci;Barcelona;Contractació dels serveis professionals per a la revisió de la documentació administrativa i la justificació econòmica de les subvencions atorgades pel Consorci per a la Formació Contínua de Catalunya (Consorci) (convocatòries 2012-2013-2014-2015).;Formación;170181.08;3.5;;https://contractaciopublica.cat/ca/detall-publicacio/e31cfcee-ef21-e479-4bdd-dc85e2636a40/24142357
26/06/2018;;Ajuntament de Tarragona;Ajuntament;Tarragona;Servei d'informació, atenció i acompanyament al públic, inclosos el control d'acessos  i venda d'entrades en les activitats que s'organitzen des de l'Ajuntament de Tarrgona, tant en els espais culturals (Teatre Metropol, Teatre Tarragona, Antiga Audiència i Teatre Auditori del Camp de Mart) com aque;Formación;168595.05;3.5;;https://contractaciopublica.cat/ca/detall-publicacio/d5da7d2b-b9fc-3292-640e-9b382e318769/33214543
12/03/2026;;Ajuntament de Tarragona;Ajuntament;Tarragona;Obres compreses en el projecte d'adequació del recorregut del tour de France 2026 per Tarragona;Otros;154403.68;3.5;;https://contractaciopublica.cat/ca/detall-publicacio/9ef39106-9ed8-4f6f-8f41-306c2718d295/300719705
12/03/2026;;Ajuntament de Tarragona;Ajuntament;Tarragona;Obres compreses en el projecte de peatonalització de la Rambla Nova tram carrer Roger de Llúria i carrer Girona de Tarragona;Otros;141468.69;3.5;;https://contractaciopublica.cat/ca/detall-publicacio/85a5d16d-1157-4866-84c7-e3ba727ace52/300719681
11/03/2026;;Centres educatius Barcelona ciutat - Consorci d'Educació de Barcelona;Consorci;Barcelona;Servei d’alimentació i monitoratge del temps educatiu de migdia de l’Institut Consell de Cent;Educación;370435.76;3.5;;https://contractaciopublica.cat/ca/detall-publicacio/487f1e86-655c-4cad-b37c-357e07fd5420/300719123
13/03/2026;;Àrea Metropolitana de Barcelona;Consorci;Barcelona;Administración metropolitanaEstructura organizativaOrganigramaPerfil directiuDirecció de ÁreaOrganismos y empresasEmpleados públicos y retribucionesTrabajar en el AMBIndicadors d'ocupació públicaRetribucionsPersonal AMBCondicions de treballIgualtat de gènereIgualdad de géneroPersonal externPrograma ;Otros;0.0;3.5;ISO9001/ISO14001;https://www.amb.cat/es/web/amb/administracio-metropolitana
13/03/2026;;Àrea Metropolitana de Barcelona;Consorci;Barcelona;Gestión y organizaciónCompetenciasNormativaNormes urbanístiquesNUMAMBDatosGestión de la calidad y mediaoambientalPerfil de contratante;Otros;0.0;3.5;ISO9001;https://www.amb.cat/es/web/territori/gestio-i-organitzacio
13/03/2026;;Àrea Metropolitana de Barcelona;Consorci;Barcelona;Gestión y organizaciónCompetenciasNormativaDatosTrámitesTasa metropolitana de tratamiento de residuosGestión de la calidad y medioambientalPerfil de contratante;Otros;0.0;3.5;ISO9001/ISO14001;https://www.amb.cat/es/web/medi-ambient/gestio-i-organitzacio
13/03/2026;;Àrea Metropolitana de Barcelona;Consorci;Barcelona;Desarrollo socioeconómicoPer qué en el Área Metropolitana de BarcelonaEntorno y calidad de vidaInfraestructurasCentros de conocimiento e investigaciónGestión y organizaciónCompetenciasLíneas de actuaciónPerfil de contratanteGestión de la calidad y del medio ambientePlans i programesPolíticas sociale;Formación;0.0;3.5;ISO9001;https://www.amb.cat/es/web/desenvolupament-socioeconomic/desenvolupament-socioeconomic
13/03/2026;;Àrea Metropolitana de Barcelona;Consorci;Barcelona;Gestión y organizaciónCompetenciasLíneas de actuaciónPerfil de contratanteGestión de la calidad y del medio ambiente;Otros;0.0;3.5;ISO9001;https://www.amb.cat/es/web/desenvolupament-socioeconomic/gestio-i-organitzacio
11/01/2021;;Diputació de Lleida;Diputació;Lleida;Subministrament de senyalització de punts d¿ interès, d¿accés i de rutes. Projecte PONENT ACTIU, finançat pels fons FEDER de la Unió Europea. Any 2018. Contracte adjudicat per acord de la Junta de Govern de la Diputacio de Lleida, en sessio 24/18, de 4 de juliol de 2018;Suministros;146392.83;3.3;;https://contractaciopublica.cat/ca/detall-publicacio/ad099ff3-217f-c8a6-ab6b-bf8aafa6b768/74834055
11/03/2026;;Diputació de Lleida;Diputació;Lleida;Execució de l'obra i instal·lacions previstes en el Projecte de construcció de la Via Blava del Segre Fase I, al TM de Montellà i Martinet i al TM de Bellver de Cerdanya (Cerdanya).;Obras;256456.21;3.3;;https://contractaciopublica.cat/ca/detall-publicacio/a173ec2c-3654-4f1e-a862-86b7a48729dc/300712324
11/03/2026;;Diputació de Lleida;Diputació;Lleida;Acreditació de proveïdors per la realització dels serveis de difusió de publicitat institucional de la Diputació de Lleida pel que es tracta d’un servei d’acord amb l’article 17 de la LCSP.;Servicios;320000.0;3.3;;https://contractaciopublica.cat/ca/detall-publicacio/99507d3a-032e-43ba-879e-956d4073df2e/300717343
11/03/2026;;Fundació per a la Universitat Oberta de Catalunya;Universidad;Barcelona;La prestació consisteix en el seguiment, anàlisi i reporting integral de les startups i spinoffs invertides per Invergy.  Inclou: Definició de dashboards de KPI’s i elaboració d’informes periòdics per analitzar l’evolució de les empreses participades. Anàlisi i valoració de la cartera, abordada des ;Servicios;77000.0;3.2;;https://contractaciopublica.cat/ca/detall-publicacio/550ab4ed-344a-4cbf-8848-00e073a802a6/300718816
10/02/2025;;Ajuntament de Barcelona;Ajuntament;Barcelona;El contracte té per objecte la contractació del servei de lloguer i manteniment per a les fotocopiadores i equips multi funció de fotocopiadora, impressora i escàner del Districte de Sarrià – Sant Gervasi ubicades a diverses dependències i equipaments del Districte.;Mantenimiento;70000.0;3.1;;https://contractaciopublica.cat/ca/detall-publicacio/79062cfc-0bfa-442d-a4b9-5b16068ae6df/300371749
11/03/2026;;Ajuntament de Terrassa;Ajuntament;Barcelona;Acord marc de  serveis de procuradoria a l’Ajuntament de Terrassa en els jutjats i tribunals del partit judicial de Barcelona;Servicios;98600.0;3.1;;https://contractaciopublica.cat/ca/detall-publicacio/602de6b3-91a6-415b-adb2-2b3ce6d9ea0f/300719025
11/03/2026;;Ajuntament de Barcelona;Ajuntament;Barcelona;Contracte mixt d'actualització i millores d'INSTAL·LACIONS, sistemes de seguretat, contra incendis, comunicacions, grups de pressió per adequació normativa i millores dels equipaments adscrits a la Gerència de l'Àrea de Drets Socials, Salut, Cooperació i Comunitat de l'Ajuntament de Barcelona, i del;Sanidad;51570.24;3.1;;https://contractaciopublica.cat/ca/detall-publicacio/7b446d65-e923-4eac-8260-5f23db119df3/300713726
12/03/2026;;Ajuntament de Tarragona;Ajuntament;Tarragona;El present contracte té per objecte la selecció de les empreses que vagin a realitzar un espectacle pirotècnic durant el concurs internacional de Focs Artificials “Ciutat de Tarragona”, els dies 1, 2, 3 i 4 de juliol de 2026. La guanyadora del concurs a més dels trofeus indicats en aquestes bases ob;Formación;82644.64;2.9;;https://contractaciopublica.cat/ca/detall-publicacio/c7c8c552-da97-4098-835a-320ac00501c2/300719488
11/03/2026;;Ajuntament de Lleida;Ajuntament;Lleida;L’Ajuntament de Lleida organitza la Festa Major i les Festes de la Tardor a diferents espais de la ciutat. Per tal de poder comunicar aquets esdeveniments a la ciutadania és necessària la difusió i comunicació de les diferents activitats programades, mitjançant diferents suports publicitaris així co;Servicios;59900.0;2.9;;https://contractaciopublica.cat/ca/detall-publicacio/66d9e662-21a1-4091-9381-70af8636b489/300718359
11/03/2026;;Diputació de Tarragona;Diputació;Tarragona;Suport en la coordinació i gestió del dispositiu d’informadors/es ambientals, “dispositiu gorgues”, durant l’estiu del 2026.;Servicios;69621.75;2.8;;https://contractaciopublica.cat/ca/detall-publicacio/b6d1e747-9660-4682-a7bd-772b497c501d/300718877
11/03/2026;;Diputació de Lleida;Diputació;Lleida;L’objecte del contracte és la realització dels treballs d’anàlisi de la seguretat viària de la xarxa de carreteres de la Diputació de Lleida, mitjançant la metodologia reconeguda internacionalment IRAP (International Road Assessment Programme), d’acord amb els requisits i les condicions que es detal;Servicios;65000.0;2.8;;https://contractaciopublica.cat/ca/detall-publicacio/0d1daf41-b54c-4fa1-a853-103f38d6fc94/300717246
12/03/2026;;Ajuntament de Badalona;Ajuntament;Barcelona;Contracte de serveis d'acompanyament en la implantació de Microsoft 365;Servicios;33057.85;2.5;;https://contractaciopublica.cat/ca/detall-publicacio/145b5541-cca1-4d7f-accb-f24e863f3693/300710246
12/03/2026;;Ajuntament de Sabadell;Ajuntament;Barcelona;L'objecte del contracte és el servei de càtering de cortesia per als membres assistents a l'Acte Institucional anual de la Policia Municipal de Sabadell per als anys 2026 i 2027. Es preveu el servei per a unes 380 persones que són les que assisteixen a l'Acte anualment.;Servicios;26040.9;2.5;;https://contractaciopublica.cat/ca/detall-publicacio/f2c56a63-a2ca-4c25-9628-60a55e9f9f64/300717317
12/03/2026;;Ajuntament de Tarragona;Ajuntament;Tarragona;Formació initneri 2 cursos: Curs  1: Aplicació de la Intel·ligència Artificial a la Gestió de Recursos Humans – Nòmines i Seguretat Social i Curs 2: Aplicació de la Intel·ligència Artificial a la gestió econòmica administrativa - Facturació, comptabilitat i Tresoreria (130 h). Nombre alumnes: 15-20 ;Formación;13800.0;2.3;;https://contractaciopublica.cat/ca/detall-publicacio/f2bb630e-30de-439a-bed4-a4bd70a64775/300719773
09/07/2018;;Ajuntament de Tarragona;Ajuntament;Tarragona;Servei de muntatge, lloguer, direcció tècnica i operació d'una estructura escènica apta per a la realització d'espectacles.;Servicios;15000.0;2.3;;https://contractaciopublica.cat/ca/detall-publicacio/6363a448-a430-bb3c-6f12-a610519d82dc/33783599
27/12/2021;;Diputació de Girona;Diputació;Girona;Pla Anual de Contractació 2022;Servicios;1.0;2.2;;https://contractaciopublica.cat/ca/detall-publicacio/56e145ed-4e32-cb2e-44fd-058b535475da/93704537
30/01/2026;;Fundació Universitat Autònoma de Barcelona MP;Universidad;Barcelona;Prestació del servei de gestoria laboral de la Fundació Universitat Autònoma de Barcelona MP i la resta d'entitats de la Corporació UAB, que es dividirà en els lots següents:  -Lot 1: servei de gestoria laboral de la Fundació Universitat Autònoma de Barcelona MP i la Fundació Hospital Clínic Veterin;Sanidad;0.0;2.0;;https://contractaciopublica.cat/ca/detall-publicacio/153bf142-cdaa-45fc-b3ba-f0c908a9f1e8/300667769
23/06/2021;;Ajuntament de l'Hospitalet de Llobregat;Ajuntament;Barcelona;Resolució núm. 6050/2021, de data 10/06 de març, del tinent d'alcaldia de l'Àrea de Planificació Estratègica i Econòmica, Joventut i Esports, es va aprovar l'estructura de costos que han de servir de base per a determinar la fórmula de revisió de preus del futur contracte de Serveis de neteja viaria;Sanidad;0.0;1.9;;https://contractaciopublica.cat/ca/detall-publicacio/926aa87d-ddfb-04a8-ff75-94a16ba66716/83772209
15/01/2026;;Diputació de Barcelona;Diputació;Barcelona;Manteniment de les instal·lacions de protecció contra incendis i dels equips de megafonia d’emergència i evacuació de diversos edificis de la Diputació de Barcelona;Obras;0.0;1.8;;https://contractaciopublica.cat/ca/detall-publicacio/4e4be798-5664-4fac-882a-0d731885b023/300666937
13/03/2026;;Consorci per a la Formació Contínua de Catalunya;Consorci;Barcelona;Accede a “Licitaciones”;Otros;0.0;1.8;;https://conforcat.gencat.cat/es/consorci/perfil-del-contractant/licitacions/
13/03/2026;;Consorci per a la Formació Contínua de Catalunya;Consorci;Barcelona;Anuncios de licitación. Abrir en una nueva ventana.;Otros;0.0;1.8;;https://contractaciopublica.cat/ca/perfils-contractant/detall/205798?categoria=0
13/03/2026;;Consorci per a la Formació Contínua de Catalunya;Consorci;Barcelona;Licitaciones en trámite;Otros;0.0;1.8;;https://conforcat.gencat.cat/es/consorci/transparencia/contractacio/licitacions/
13/03/2026;;Consorci per a la Formació Contínua de Catalunya;Consorci;Barcelona;Licitaciones;Otros;0.0;1.8;;https://conforcat.gencat.cat/es/consorci/perfil-del-contractant/licitacions/
13/03/2026;;Consorci per a la Formació Contínua de Catalunya;Consorci;Barcelona;Anuncios de licitación;Otros;0.0;1.8;;https://contractaciopublica.cat/ca/perfils-contractant/detall/205798?categoria=0
13/03/2026;;Ferrocarrils de la Generalitat;Empresa pública;Barcelona;Web corporativaSelecciona el teu idiomacaCatalàEspañolPortal de transparència d'FGC i les seves societats participadesObrir CercadorObrir CercadorMostrar menúAmagar menúLa TransparènciaInformació públicaOrganització institucional i estructura administrativaNormativa i informació d'interès públicServ;Informática;0.0;1.8;;https://web.gencat.cat/ca/inici/
13/03/2026;;Ferrocarrils de la Generalitat;Empresa pública;Barcelona;Obrir CercadorMostrar menúAmagar menúLa TransparènciaInformació públicaOrganització institucional i estructura administrativaNormativa i informació d'interès públicServeis públicsPlans i programesGovern obertServidors públicsContractes, convenis i subvencionsGestió econòmica i pressupostàriaPatrimon;Informática;0.0;1.8;;https://transparencia.fgc.cat/ca/la-transparencia
13/03/2026;;Ferrocarrils de la Generalitat;Empresa pública;Barcelona;La TransparènciaInformació públicaOrganització institucional i estructura administrativaNormativa i informació d'interès públicServeis públicsPlans i programesGovern obertServidors públicsContractes, convenis i subvencionsGestió econòmica i pressupostàriaPatrimoniGestió de documents, dades personals;Informática;0.0;1.8;;https://transparencia.fgc.cat/ca/la-transparencia
13/03/2026;;Ferrocarrils de la Generalitat;Empresa pública;Barcelona;Informació públicaOrganització institucional i estructura administrativaNormativa i informació d'interès públicServeis públicsPlans i programesGovern obertServidors públicsContractes, convenis i subvencionsGestió econòmica i pressupostàriaPatrimoniGestió de documents, dades personals i dades estadís;Informática;0.0;1.8;;https://transparencia.fgc.cat/ca/informacio-publica/organitzacio-institucional-estructura-administrativa
13/03/2026;;Ferrocarrils de la Generalitat;Empresa pública;Barcelona;Contractes, convenis i subvencions;Otros;0.0;1.8;;https://transparencia.fgc.cat/ca/informacio-publica/contractes-convenis-i-subvencions
13/03/2026;;Ferrocarrils de la Generalitat;Empresa pública;Barcelona;Contractes, convenis i subvencionsVeure llistatRelació de contractesInformació de la contractacióConvenis i encàrrecs de gestióSubvencions i ajutsPatrocinis;Formación;0.0;1.8;;https://transparencia.fgc.cat/ca/informacio-publica/contractes-convenis-i-subvencions
13/03/2026;;Ferrocarrils de la Generalitat;Empresa pública;Barcelona;Contractes, convenis i subvencionsVeure llistat;Otros;0.0;1.8;;https://transparencia.fgc.cat/ca/informacio-publica/contractes-convenis-i-subvencions
13/03/2026;;Ferrocarrils de la Generalitat;Empresa pública;Barcelona;Relació de contractesInformació de la contractacióConvenis i encàrrecs de gestióSubvencions i ajutsPatrocinis;Formación;0.0;1.8;;https://transparencia.fgc.cat/ca/informacio-publica/contractes-convenis-i-subvencions/relacio-de-contractes
13/03/2026;;Àrea Metropolitana de Barcelona;Consorci;Barcelona;"ContactoÁrea personalCanal interno de alertasMostrar menúÀrea Metropolitana de BarcelonaCatalàCastellanoEnglishBuscadorServiciosBlogs y boletinesCompartir#language(""ambgeneric.theme.toolbar.menu.tanca"")Buscador global del AMBBuscador global del AMBBuscar el textoCerrarTransparenciaPortal de transpar";Servicios;0.0;1.8;;https://www.amb.cat/es/web/amb/seu-electronica/suggeriments-i-queixes
13/03/2026;;Àrea Metropolitana de Barcelona;Consorci;Barcelona;"#language(""ambgeneric.theme.toolbar.menu.tanca"")Buscador global del AMBBuscador global del AMBBuscar el textoCerrarTransparenciaPortal de transparenciaCanal intern d'alertesAdministraciónTrabajar en el AMBVerificador de documentsAtención ciudadanaSede electrónicaTrámitesInstancia genéricaTablón de a";Formación;0.0;1.8;;https://www.amb.cat/es/web/amb/seu-electronica/perfil-de-contractant#view-search
13/03/2026;;Àrea Metropolitana de Barcelona;Consorci;Barcelona;Trabajar en el AMBVerificador de documentsAtención ciudadanaSede electrónicaTrámitesInstancia genéricaTablón de anuncioseNotumPerfil de contratanteContratación públicaInformación públicaTributo metropolitanoFactura electrónicaCatálogo de servicios;Formación;0.0;1.8;;https://www.amb.cat/es/web/amb/administracio-metropolitana/empleats-publics-i-retribucions/ocupacio-publica
13/03/2026;;Àrea Metropolitana de Barcelona;Consorci;Barcelona;Estructura organizativaOrganigramaPerfil directiuDirecció de Área;Otros;0.0;1.8;;https://www.amb.cat/es/web/amb/administracio-metropolitana/estructura-organitzativa
13/03/2026;;Àrea Metropolitana de Barcelona;Consorci;Barcelona;Sede electrónicaPerfil de contratanteTrámites y tributosInstancia genéricaInformación públicaTablón de anunciosGestión documentalSugerencias y quejase-FacteNotum;Formación;0.0;1.8;;https://www.amb.cat/es/web/amb/seu-electronica
13/03/2026;;Àrea Metropolitana de Barcelona;Consorci;Barcelona;ViviendaGestión y organizaciónCompetenciasNormativaPlanes y programasObservatori Metropolità de l'HabitatgeVisor de datos estadísticosREGESAIMPSOLPromociones y oferta inmobiliariaEstructura organizativaConsejo de administraciónPerfil de contratanteTrámitesTablón de anunciosDatos y documentaciónConta;Suministros;0.0;1.8;;https://www.amb.cat/es/web/habitatge/habitatge
13/03/2026;;Àrea Metropolitana de Barcelona;Consorci;Barcelona;IMPSOLPromociones y oferta inmobiliariaEstructura organizativaConsejo de administraciónPerfil de contratanteTrámitesTablón de anunciosDatos y documentaciónContacto;Suministros;0.0;1.8;;https://www.amb.cat/es/web/habitatge/impsol
13/03/2026;;Àrea Metropolitana de Barcelona;Consorci;Barcelona;IniciAMBSede electrónicaPerfil de contratante;Otros;0.0;1.8;;https://www.amb.cat/home
13/03/2026;;Àrea Metropolitana de Barcelona;Consorci;Barcelona;Perfil de contratanteEl AMB está incorporada a la Plataforma electrónica de contratación pública de la Generalitat de Catalunya como medio para proporcionar información sobre los procesos de contratación que tramita. El objetivo es garantizar la máxima publicidad y comunicación del los procedimiento;Formación;0.0;1.8;;https://contractaciopublica.gencat.cat/perfil/28027859/customProf
13/03/2026;;Àrea Metropolitana de Barcelona;Consorci;Barcelona;Licitaciones en cursoConsultar licitaciones publicadas en la plataforma de Contratación PúblicaHistórico de licitacionesAntes del 22.01.2018: consultar las licitaciones publicadas en la anterior plataforma del AMB;Formación;0.0;1.8;;https://contractaciopublica.gencat.cat/perfil/28027859/customProf
13/03/2026;;Àrea Metropolitana de Barcelona;Consorci;Barcelona;Licitaciones en cursoConsultar licitaciones publicadas en la plataforma de Contratación Pública;Formación;0.0;1.8;;https://contractaciopublica.gencat.cat/perfil/28027859/customProf
13/03/2026;;Àrea Metropolitana de Barcelona;Consorci;Barcelona;Histórico de licitacionesAntes del 22.01.2018: consultar las licitaciones publicadas en la anterior plataforma del AMB;Otros;0.0;1.8;;https://www.amb.cat/web/amb/seu-electronica/historic-perfil-contractant
13/03/2026;;Àrea Metropolitana de Barcelona;Consorci;Barcelona;IMPSOLPlataforma e histórico de licitacionesHMBPlataforma d'Habitatge Metròpolis BarcelonaAMB Informació i Serveis S.A.Plataforma i històric de licitacionsIMETPlataforma e histórico de licitacionesECOPARC 4Plataforma de licitacions;Formación;0.0;1.8;;https://www.amb.cat/web/habitatge/gestio-i-organitzacio/perfil-contractant
13/03/2026;;Àrea Metropolitana de Barcelona;Consorci;Barcelona;IMPSOLPlataforma e histórico de licitaciones;Otros;0.0;1.8;;https://www.amb.cat/web/habitatge/gestio-i-organitzacio/perfil-contractant
13/03/2026;;Àrea Metropolitana de Barcelona;Consorci;Barcelona;AMB Informació i Serveis S.A.Plataforma i històric de licitacions;Formación;0.0;1.8;;https://www.ambmobilitat.cat/Principales/PerfilContratante.aspx
13/03/2026;;Àrea Metropolitana de Barcelona;Consorci;Barcelona;IMETPlataforma e histórico de licitaciones;Otros;0.0;1.8;;http://taxi.amb.cat/s/perfil-del-contractant.html
13/03/2026;;Àrea Metropolitana de Barcelona;Consorci;Barcelona;ECOPARC 4Plataforma de licitacions;Otros;0.0;1.8;;https://contractaciopublica.gencat.cat/ecofin_pscp/AppJava/perfil/ECO4
13/03/2026;;Consorci d'Educació de Barcelona;Consorci;Barcelona;Sección actual:El ConsorcioSección actual:DestacamosSobre el ConsorcioQué és el ConsorcioDespliegue institucionalCompetencias y funcionesTraspaso de la gestión de centrosPresentaciónMarco normativo y acuerdosPreguntas frecuentesComunicadosNotíciasCalendarioOrganigramaAcuerdos del Consejo de Direcció;Otros;0.0;1.8;;https://www.edubcn.cat/es/el_consorcio/gestion_economica/perfil_del_contratante#menu-mobile-14101
13/03/2026;;Consorci d'Educació de Barcelona;Consorci;Barcelona;Sección actual:Gestión económicaFactura electrónicaPágina actual:Perfil del contratanteNotificaciones electrónicasPeriodo mediano pago;Otros;0.0;1.8;;https://www.edubcn.cat/es/el_consorcio/gestion_economica/perfil_del_contratante#menu-mobile-8733
13/03/2026;;Consorci d'Educació de Barcelona;Consorci;Barcelona;Página actual:Perfil del contratante;Otros;0.0;1.8;;https://www.edubcn.cat/es/el_consorcio/gestion_economica/perfil_del_contratante
13/03/2026;;Consorci d'Educació de Barcelona;Consorci;Barcelona;Programas de formación e inserciónDestacamos¿A quien se dirige?Currículum de la etapaInformación complementariaLos perfiles profesionales en la ciudad de Barcelona;Formación;0.0;1.8;;https://www.edubcn.cat/es/el_consorcio/gestion_economica/perfil_del_contratante#menu-mobile-16145
13/03/2026;;Consorci d'Educació de Barcelona;Consorci;Barcelona;Los perfiles profesionales en la ciudad de Barcelona;Otros;0.0;1.8;;https://www.edubcn.cat/es/alumnado_y_familia/etapas_educativas_y_ensenanzas/programas_de_formacion_y_insercion/los_perfiles_profesionales
13/03/2026;;Consorci d'Educació de Barcelona;Consorci;Barcelona;Trámites y solicitudesAutorización de compatibilidadTrámites en línea de recursos humanosBolsa abierta personal docente municipalComunicación del permiso de nacimiento y cuidado de menor por parto o adopción, acogimiento o cuidado con finalidad de adopciónComunicación urgente de incidencias de los n;Formación;0.0;1.8;;https://www.edubcn.cat/es/el_consorcio/gestion_economica/perfil_del_contratante#menu-mobile-17054
13/03/2026;;Consorci d'Educació de Barcelona;Consorci;Barcelona;Trámites en línea de recursos humanosBolsa abierta personal docente municipalComunicación del permiso de nacimiento y cuidado de menor por parto o adopción, acogimiento o cuidado con finalidad de adopciónComunicación urgente de incidencias de los nombramientos o contratosIncorporación de titulacione;Formación;0.0;1.8;;https://www.edubcn.cat/es/el_consorcio/gestion_economica/perfil_del_contratante#menu-mobile-17192
13/03/2026;;Consorci d'Educació de Barcelona;Consorci;Barcelona;Incorporación de titulaciones oficiales y acreditación de perfiles por experiencia docente;Formación;0.0;1.8;;https://www.edubcn.cat/es/profesorado_y_pas/tramites_y_solicitudes/tramites_en_linia/incorporacion_titulaciones_oficiales
13/03/2026;;Consorci d'Educació de Barcelona;Consorci;Barcelona;Sobre el ConsorcioQué és el ConsorcioDespliegue institucionalCompetencias y funcionesTraspaso de la gestión de centrosPresentaciónMarco normativo y acuerdosPreguntas frecuentesComunicadosNotíciasCalendarioOrganigramaAcuerdos del Consejo de DirecciónComo contactarDonde estamosCita previa presencial a;Otros;0.0;1.8;;https://www.edubcn.cat/es/el_consorcio/gestion_economica/perfil_del_contratante#menu-8591
13/03/2026;;Consorci d'Educació de Barcelona;Consorci;Barcelona;El perfil de contratante es el espacio de difusión a través de Internet de la actividad contractual del Consorcio de Educación de Barcelona con el fin de asegurar la transparencia y el acceso público a esta información.;Formación;0.0;1.8;;https://www.edubcn.cat/es/el_consorcio/gestion_economica/perfil_del_contratante
13/03/2026;;Consorci d'Educació de Barcelona;Consorci;Barcelona;Toda interpretación de los pliegos de las licitaciones se realizará sobre la base de la edición impresa disponible en la sede del órgano contratante.Más informaciónContratación - Área de Servicios EconómicosTel. 93 551 10 00 ext. 6840contractacio.ceb@gencat.catAcceso al Perfil de Contratante del Con;Formación;0.0;1.8;;mailto:contractacio.ceb@gencat.cat
13/03/2026;;Consorci d'Educació de Barcelona;Consorci;Barcelona;Más informaciónContratación - Área de Servicios EconómicosTel. 93 551 10 00 ext. 6840contractacio.ceb@gencat.catAcceso al Perfil de Contratante del Consorcio de Educación;Formación;0.0;1.8;;mailto:contractacio.ceb@gencat.cat
13/03/2026;;Consorci d'Educació de Barcelona;Consorci;Barcelona;Acceso al Perfil de Contratante del Consorcio de Educación;Otros;0.0;1.8;;https://contractaciopublica.cat/ca/perfils-contractant/detall/203746?categoria=0
28/01/2026;;Ajuntament de Reus;Ajuntament;Tarragona;L’objecte d’aquesta licitació és la prestació del servei de neteja, jardineria ordinària i esporga d’arbrat als patis dels centres educatius municipals de l’Ajuntament (llistat de centres desglossat en el plec tècnic) Així mateix, com a prestació accessòria, l’adjudicatari resta obligat al subminist;Educación;0.0;1.7;;https://contractaciopublica.cat/ca/detall-publicacio/fa9f4bbd-e22d-4b94-8043-1560f9793c95/300677548
13/03/2026;;Ajuntament de Girona;Ajuntament;Girona;Salta al contingut principalNavegacióL'AjuntamentTransparènciaTurismeSeu electrònicacatesp*eng*fra*NavegacióL'AjuntamentTransparènciaTurismeSeu electrònicacatesp*eng*fra*Perfil del contractantHeader: Perfil del ContractantPerfil del contractantVisualització del menúIniciCom presentar propostesProced;Otros;0.0;1.7;;https://web.girona.cat/perfildelcontractant#main-content
13/03/2026;;Ajuntament de Girona;Ajuntament;Girona;Perfil del contractantHeader: Perfil del ContractantPerfil del contractantVisualització del menúIniciCom presentar propostesProcediments oberts simplificats abreujatsAltres procediments obertsContractes menorsModels d'annexosDEUCMesa de contractacióRegistre de licitadors (RELI)Tribunal català de con;Otros;0.0;1.7;;https://web.girona.cat/perfildelcontractant/inici
13/03/2026;;Ajuntament de Girona;Ajuntament;Girona;Header: Perfil del ContractantPerfil del contractantVisualització del menúIniciCom presentar propostesProcediments oberts simplificats abreujatsAltres procediments obertsContractes menorsModels d'annexosDEUCMesa de contractacióRegistre de licitadors (RELI)Tribunal català de contractesNormativaAjut i;Otros;0.0;1.7;;https://web.girona.cat/perfildelcontractant/inici
13/03/2026;;Ajuntament de Girona;Ajuntament;Girona;Header: Perfil del ContractantPerfil del contractant;Otros;0.0;1.7;;https://web.girona.cat/perfildelcontractant
13/03/2026;;Ajuntament de Girona;Ajuntament;Girona;Visualització del menúIniciCom presentar propostesProcediments oberts simplificats abreujatsAltres procediments obertsContractes menorsModels d'annexosDEUCMesa de contractacióRegistre de licitadors (RELI)Tribunal català de contractesNormativaAjut i suport tècnicRuta de navegaciógirona.catPerfil del ;Formación;0.0;1.7;;https://web.girona.cat/perfildelcontractant/inici
13/03/2026;;Ajuntament de Girona;Ajuntament;Girona;IniciCom presentar propostesProcediments oberts simplificats abreujatsAltres procediments obertsContractes menorsModels d'annexosDEUCMesa de contractacióRegistre de licitadors (RELI)Tribunal català de contractesNormativaAjut i suport tècnic;Otros;0.0;1.7;;https://web.girona.cat/perfildelcontractant/inici
13/03/2026;;Ajuntament de Girona;Ajuntament;Girona;Com presentar propostesProcediments oberts simplificats abreujatsAltres procediments obertsContractes menors;Otros;0.0;1.7;;https://web.girona.cat/perfildelcontractant/propostes
13/03/2026;;Ajuntament de Girona;Ajuntament;Girona;Ruta de navegaciógirona.catPerfil del contractantContractació pública | Perfil del contractantContractació públicaAmb la finalitat d'assegurar la transparència i l'accés públic a la informació relativa a l'activitat contractual de l'Ajuntament de Girona, podeu accedir al Perfil del contractant a tra;Formación;0.0;1.7;;https://web.girona.cat
13/03/2026;;Ajuntament de Girona;Ajuntament;Girona;Ruta de navegaciógirona.catPerfil del contractant;Otros;0.0;1.7;;https://web.girona.cat
13/03/2026;;Ajuntament de Girona;Ajuntament;Girona;girona.catPerfil del contractant;Otros;0.0;1.7;;https://web.girona.cat
13/03/2026;;Ajuntament de Girona;Ajuntament;Girona;Contractació pública | Perfil del contractantContractació públicaAmb la finalitat d'assegurar la transparència i l'accés públic a la informació relativa a l'activitat contractual de l'Ajuntament de Girona, podeu accedir al Perfil del contractant a través de laPlataforma de Serveis de Contractació Pú;Formación;0.0;1.7;;https://contractaciopublica.cat/ca/perfils-contractant/detall/girona?categoria=0
13/03/2026;;Ajuntament de Girona;Ajuntament;Girona;Contractació pública | Perfil del contractant;Otros;0.0;1.7;;https://web.girona.cat/perfildelcontractant
13/03/2026;;Ajuntament de Girona;Ajuntament;Girona;Contractació públicaAmb la finalitat d'assegurar la transparència i l'accés públic a la informació relativa a l'activitat contractual de l'Ajuntament de Girona, podeu accedir al Perfil del contractant a través de laPlataforma de Serveis de Contractació Públicade la Generalitat de Catalunya.Hi trobar;Formación;0.0;1.7;;https://contractaciopublica.cat/ca/perfils-contractant/detall/girona?categoria=0
13/03/2026;;Ajuntament de Girona;Ajuntament;Girona;Amb la finalitat d'assegurar la transparència i l'accés públic a la informació relativa a l'activitat contractual de l'Ajuntament de Girona, podeu accedir al Perfil del contractant a través de laPlataforma de Serveis de Contractació Públicade la Generalitat de Catalunya.Hi trobareu tota la documenta;Formación;0.0;1.7;;https://contractaciopublica.cat/ca/perfils-contractant/detall/girona?categoria=0
13/03/2026;;Ajuntament de Girona;Ajuntament;Girona;Bàner: Plataforma de Serveis de Contractació Pública de la Generalitat de CatalunyaPlataforma de Serveis de Contractació PúblicaAjuntament de Girona;Servicios;0.0;1.7;;https://contractaciopublica.cat/ca/perfils-contractant/detall/girona?categoria=0
13/03/2026;;Ajuntament de Girona;Ajuntament;Girona;Bàner: Plataforma de Serveis de Contractació Pública de la Generalitat de Catalunya;Servicios;0.0;1.7;;https://web.girona.cat/perfildelcontractant
13/03/2026;;Ajuntament de Girona;Ajuntament;Girona;Plataforma de Serveis de Contractació PúblicaAjuntament de Girona;Servicios;0.0;1.7;;https://contractaciopublica.cat/ca/perfils-contractant/detall/girona?categoria=0
13/03/2026;;Ajuntament de Girona;Ajuntament;Girona;Ajuda i suport tècnic | Perfil del Contractant;Otros;0.0;1.7;;https://web.girona.cat/perfildelcontractant
13/03/2026;;Ajuntament de Girona;Ajuntament;Girona;Ajuda i suport tècnicPerfil del Contractant;Otros;0.0;1.7;;https://web.girona.cat/perfildelcontractant
13/03/2026;;Ajuntament de Girona;Ajuntament;Girona;Anuncis de licitacions i enviament de propostes | Perfil del contractantAnuncis de licitacionsAdjudicacionsFormalitzacionsPublicacions relatives a l'execucióAnul·lacionsContractes menorsContractes basats en acords marcTipus de contractesContracte menor1Procediment  obert simplificat abreujatProcedim;Suministros;0.0;1.7;;https://contractaciopublica.cat/ca/perfils-contractant/detall/girona?categoria=0
13/03/2026;;Ajuntament de Girona;Ajuntament;Girona;Anuncis de licitacions i enviament de propostes | Perfil del contractant;Otros;0.0;1.7;;https://web.girona.cat/perfildelcontractant
13/03/2026;;Ajuntament de Girona;Ajuntament;Girona;Anuncis de licitacionsAdjudicacionsFormalitzacionsPublicacions relatives a l'execucióAnul·lacionsContractes menorsContractes basats en acords marcTipus de contractesContracte menor1Procediment  obert simplificat abreujatProcediment obert simplificatServeis<15.000 €<60.000 €<=100.000 €Subministrament;Suministros;0.0;1.7;;https://contractaciopublica.cat/ca/perfils-contractant/detall/girona?categoria=0
13/03/2026;;Ajuntament de Girona;Ajuntament;Girona;Tipus de contractesContracte menor1Procediment  obert simplificat abreujatProcediment obert simplificatServeis<15.000 €<60.000 €<=100.000 €Subministraments<15.000 €<60.000 €<=100.000 €Obres<40.000 €<80.000 €<=2.000.000€1Els contractes menors de serveis i subministraments a partir de 3000 € i els con;Suministros;0.0;1.7;;https://web.girona.cat/perfildelcontractant
13/03/2026;;Ajuntament de Girona;Ajuntament;Girona;Carrusel bàners: Perfil del contractantRecomanem…Mesa de contractacióPla de contractació 2025DEUCTribunal Català de Contractes del Sector PúblicPortal de Transparència;Otros;0.0;1.7;;https://web.girona.cat/perfildelcontractant/mesadecontractacio
13/03/2026;;Ajuntament de Girona;Ajuntament;Girona;Carrusel bàners: Perfil del contractant;Otros;0.0;1.7;;https://web.girona.cat/perfildelcontractant
13/03/2026;;Ajuntament de Girona;Ajuntament;Girona;Recomanem…Mesa de contractacióPla de contractació 2025DEUCTribunal Català de Contractes del Sector PúblicPortal de Transparència;Otros;0.0;1.7;;https://web.girona.cat/perfildelcontractant/mesadecontractacio
13/03/2026;;Ajuntament de Girona;Ajuntament;Girona;Mesa de contractacióPla de contractació 2025DEUCTribunal Català de Contractes del Sector PúblicPortal de Transparència;Otros;0.0;1.7;;https://web.girona.cat/perfildelcontractant/mesadecontractacio
13/03/2026;;Ajuntament de Girona;Ajuntament;Girona;Tribunal Català de Contractes del Sector Públic;Otros;0.0;1.7;;https://web.girona.cat/perfildelcontractant/tccsp
13/03/2026;;Diputació de Tarragona;Diputació;Tarragona;administració localecontractacio;Otros;0.0;1.6;;https://econtractacio.diputaciodetarragona.cat
13/03/2026;;Diputació de Tarragona;Diputació;Tarragona;10/03/2026La nova seu operativa de la Diputació a la plaça Imperial Tàrraco avança amb la selecció dels 5 despatxos finalistesLa Junta de Govern de la Diputació ha aprovat aquest dimarts la resolució de la 1a fase de la licitació per a la redacció del projecte i la posterior direcció d’obres de reha;Obras;0.0;1.6;;https://www.dipta.cat/noticies/nova-seu-operativa-diputacio-placa-imperial-tarraco-avanca-seleccio-dels-5-despatxos
13/03/2026;;Diputació de Tarragona;Diputació;Tarragona;La Junta de Govern de la Diputació ha aprovat aquest dimarts la resolució de la 1a fase de la licitació per a la redacció del projecte i la posterior direcció d’obres de rehabilitació de l’edifici de la plaça Imperial Tàrraco;Obras;0.0;1.6;;https://www.dipta.cat
13/03/2026;;Diputació de Tarragona;Diputació;Tarragona;"FooterAltres temeso àmbitsTinetEl teu correu .cat ;)BOPTLes publicacions oficialsTributs localsBASE - Gestió d'IngressosArxiu GeneralPreservem la memòriaContractació públicaGuia per a professionalsTransparènciaDemocratitzem l'accés a la informacióEnllaços directesVes-hi directe!Altres enllaçosDirect";Formación;0.0;1.6;;https://www.dipta.cat/temes/tinet
13/03/2026;;Diputació de Tarragona;Diputació;Tarragona;"Altres temeso àmbitsTinetEl teu correu .cat ;)BOPTLes publicacions oficialsTributs localsBASE - Gestió d'IngressosArxiu GeneralPreservem la memòriaContractació públicaGuia per a professionalsTransparènciaDemocratitzem l'accés a la informació";Formación;0.0;1.6;;https://www.dipta.cat/temes/tinet
13/03/2026;;Diputació de Tarragona;Diputació;Tarragona;Contractació públicaGuia per a professionals;Otros;0.0;1.6;;https://www.dipta.cat/temes/contractacio-publica
13/03/2026;;Diputació de Tarragona;Diputació;Tarragona;Ves-hi directe!Altres enllaçosDirectori de telèfonsContacta amb nosaltresRegistreHoraris d'atencióPlataforma ContractacióTotes les licitacionsIncidències de CarreteresIncidències en la xarxa viàriaComunicació i premsaEl dia a dia de la DiputacióAgenda institucionalActes de la Diputació de TarragonaS;Obras;0.0;1.6;;https://www.dipta.cat/telefons/directori
13/03/2026;;Diputació de Tarragona;Diputació;Tarragona;Plataforma ContractacióTotes les licitacions;Otros;0.0;1.6;;https://econtractacio.diputaciodetarragona.cat/licitacion/UltimosExpte.do
13/03/2026;;Diputació de Lleida;Diputació;Lleida;Bon GovernTransparènciaSeu electrònicaPerfil del Contractant;Otros;0.0;1.6;;https://www.diputaciolleida.cat
